{"cameraMode":{"drawMode":0,"name":"Shaded","section":"Shading Mode"},"sceneLighting":true,"audioPlay":false,"sceneViewState":{"m_AlwaysRefresh":false,"showFog":true,"showSkybox":true,"showFlares":true,"showImageEffects":true,"showParticleSystems":true,"showVisualEffectGraphs":true,"m_FxEnabled":true},"in2DMode":false,"pivot":{"x":26.768415451049806,"y":-6.641283988952637,"z":32.50935745239258},"rotation":{"x":-0.09736331552267075,"y":-0.34055253863334658,"z":0.035472217947244647,"w":-0.9345102310180664},"size":20.836008071899415,"orthographic":false}